{"cameraMode":{"drawMode":0,"name":"Shaded","section":"Shading Mode"},"sceneLighting":true,"audioPlay":false,"sceneViewState":{"showFog":true,"showMaterialUpdate":false,"showSkybox":true,"showFlares":true,"showImageEffects":true,"showParticleSystems":true},"in2DMode":false,"pivot":{"x":19.270675659179689,"y":-0.32645267248153689,"z":5.059661388397217},"rotation":{"x":-0.0986320748925209,"y":-0.5137696266174316,"z":0.05960491672158241,"w":-0.8501558899879456},"size":10.0,"orthographic":false}