{"cameraMode":{"drawMode":0,"name":"Shaded","section":"Shading Mode"},"sceneLighting":true,"audioPlay":false,"sceneViewState":{"showFog":true,"showMaterialUpdate":false,"showSkybox":true,"showFlares":true,"showImageEffects":true,"showParticleSystems":true},"in2DMode":false,"pivot":{"x":0.45192480087280276,"y":0.6822465658187866,"z":0.4578203558921814},"rotation":{"x":0.3025234639644623,"y":-0.34871146082878115,"z":0.12002713978290558,"w":0.878913938999176},"size":0.7347666621208191,"orthographic":false}